Project,True Label,Predicted Label
30-seconds-of-java_8791499,SURVIVED,KILLED
30-seconds-of-java_8791499,KILLED,KILLED
30-seconds-of-java_8791499,KILLED,KILLED
30-seconds-of-java_8791499,KILLED,KILLED
30-seconds-of-java_8791499,KILLED,KILLED
30-seconds-of-java_8791499,KILLED,KILLED
30-seconds-of-java_8791499,KILLED,KILLED
30-seconds-of-java_8791499,KILLED,KILLED
30-seconds-of-java_8791499,KILLED,KILLED
30-seconds-of-java_8791499,KILLED,KILLED
30-seconds-of-java_8791499,KILLED,KILLED
30-seconds-of-java_8791499,KILLED,KILLED
30-seconds-of-java_8791499,KILLED,KILLED
30-seconds-of-java_8791499,KILLED,KILLED
30-seconds-of-java_8791499,KILLED,KILLED
30-seconds-of-java_8791499,KILLED,KILLED
30-seconds-of-java_8791499,KILLED,KILLED
30-seconds-of-java_8791499,KILLED,KILLED
30-seconds-of-java_8791499,KILLED,KILLED
30-seconds-of-java_8791499,KILLED,KILLED
30-seconds-of-java_8791499,KILLED,KILLED
30-seconds-of-java_8791499,KILLED,KILLED
30-seconds-of-java_8791499,KILLED,KILLED
30-seconds-of-java_8791499,KILLED,KILLED
30-seconds-of-java_8791499,KILLED,KILLED
30-seconds-of-java_8791499,SURVIVED,KILLED
30-seconds-of-java_8791499,SURVIVED,KILLED
30-seconds-of-java_8791499,KILLED,KILLED
30-seconds-of-java_8791499,KILLED,KILLED
30-seconds-of-java_8791499,KILLED,KILLED
30-seconds-of-java_8791499,KILLED,KILLED
30-seconds-of-java_8791499,KILLED,KILLED
30-seconds-of-java_8791499,KILLED,KILLED
30-seconds-of-java_8791499,KILLED,KILLED
30-seconds-of-java_8791499,KILLED,KILLED
30-seconds-of-java_8791499,KILLED,KILLED
30-seconds-of-java_8791499,KILLED,KILLED
30-seconds-of-java_8791499,KILLED,KILLED
30-seconds-of-java_8791499,KILLED,KILLED
30-seconds-of-java_8791499,KILLED,KILLED
30-seconds-of-java_8791499,KILLED,KILLED
30-seconds-of-java_8791499,KILLED,KILLED
30-seconds-of-java_8791499,KILLED,KILLED
30-seconds-of-java_8791499,KILLED,KILLED
30-seconds-of-java_8791499,KILLED,KILLED
30-seconds-of-java_8791499,KILLED,KILLED
30-seconds-of-java_8791499,KILLED,KILLED
30-seconds-of-java_8791499,KILLED,KILLED
30-seconds-of-java_8791499,KILLED,KILLED
30-seconds-of-java_8791499,KILLED,KILLED
30-seconds-of-java_8791499,KILLED,KILLED
30-seconds-of-java_8791499,SURVIVED,KILLED
30-seconds-of-java_8791499,KILLED,KILLED
30-seconds-of-java_8791499,KILLED,KILLED
30-seconds-of-java_8791499,KILLED,KILLED
30-seconds-of-java_8791499,KILLED,KILLED
30-seconds-of-java_8791499,KILLED,KILLED
30-seconds-of-java_8791499,KILLED,KILLED
30-seconds-of-java_8791499,KILLED,KILLED
30-seconds-of-java_8791499,KILLED,KILLED
30-seconds-of-java_8791499,KILLED,KILLED
30-seconds-of-java_8791499,KILLED,KILLED
30-seconds-of-java_8791499,KILLED,KILLED
30-seconds-of-java_8791499,KILLED,KILLED
30-seconds-of-java_8791499,KILLED,KILLED
30-seconds-of-java_8791499,KILLED,KILLED
30-seconds-of-java_8791499,KILLED,KILLED
30-seconds-of-java_8791499,KILLED,KILLED
30-seconds-of-java_8791499,KILLED,KILLED
30-seconds-of-java_8791499,KILLED,KILLED
30-seconds-of-java_8791499,KILLED,KILLED
30-seconds-of-java_8791499,KILLED,KILLED
30-seconds-of-java_8791499,KILLED,KILLED
30-seconds-of-java_8791499,KILLED,KILLED
30-seconds-of-java_8791499,KILLED,KILLED
30-seconds-of-java_8791499,SURVIVED,KILLED
30-seconds-of-java_8791499,KILLED,KILLED
30-seconds-of-java_8791499,KILLED,KILLED
30-seconds-of-java_8791499,KILLED,KILLED
30-seconds-of-java_8791499,SURVIVED,KILLED
30-seconds-of-java_8791499,KILLED,KILLED
30-seconds-of-java_8791499,KILLED,KILLED
30-seconds-of-java_8791499,KILLED,KILLED
30-seconds-of-java_8791499,KILLED,KILLED
30-seconds-of-java_8791499,KILLED,KILLED
30-seconds-of-java_8791499,KILLED,KILLED
30-seconds-of-java_8791499,KILLED,KILLED
30-seconds-of-java_8791499,KILLED,KILLED
30-seconds-of-java_8791499,KILLED,KILLED
30-seconds-of-java_8791499,KILLED,KILLED
30-seconds-of-java_8791499,KILLED,KILLED
30-seconds-of-java_8791499,SURVIVED,KILLED
30-seconds-of-java_8791499,KILLED,KILLED
30-seconds-of-java_8791499,KILLED,KILLED
30-seconds-of-java_8791499,KILLED,KILLED
30-seconds-of-java_8791499,KILLED,KILLED
30-seconds-of-java_8791499,SURVIVED,KILLED
30-seconds-of-java_8791499,KILLED,KILLED
30-seconds-of-java_8791499,KILLED,KILLED
30-seconds-of-java_8791499,KILLED,KILLED
30-seconds-of-java_8791499,KILLED,KILLED
30-seconds-of-java_8791499,KILLED,KILLED
30-seconds-of-java_8791499,KILLED,KILLED
30-seconds-of-java_8791499,KILLED,KILLED
30-seconds-of-java_8791499,KILLED,KILLED
30-seconds-of-java_8791499,SURVIVED,KILLED
30-seconds-of-java_8791499,KILLED,KILLED
30-seconds-of-java_8791499,KILLED,KILLED
30-seconds-of-java_8791499,SURVIVED,KILLED
30-seconds-of-java_8791499,KILLED,KILLED
30-seconds-of-java_8791499,SURVIVED,KILLED
30-seconds-of-java_8791499,SURVIVED,KILLED
30-seconds-of-java_8791499,KILLED,KILLED
30-seconds-of-java_8791499,KILLED,KILLED
30-seconds-of-java_8791499,KILLED,KILLED
30-seconds-of-java_8791499,KILLED,KILLED
30-seconds-of-java_8791499,SURVIVED,KILLED
30-seconds-of-java_8791499,KILLED,KILLED
30-seconds-of-java_8791499,KILLED,KILLED
30-seconds-of-java_8791499,KILLED,KILLED
30-seconds-of-java_8791499,KILLED,KILLED
30-seconds-of-java_8791499,KILLED,KILLED
30-seconds-of-java_8791499,KILLED,KILLED
30-seconds-of-java_8791499,KILLED,KILLED
30-seconds-of-java_8791499,KILLED,KILLED
30-seconds-of-java_8791499,KILLED,KILLED
30-seconds-of-java_8791499,KILLED,KILLED
30-seconds-of-java_8791499,KILLED,KILLED
30-seconds-of-java_8791499,KILLED,KILLED
30-seconds-of-java_8791499,SURVIVED,KILLED
30-seconds-of-java_8791499,SURVIVED,KILLED
30-seconds-of-java_8791499,KILLED,KILLED
30-seconds-of-java_8791499,KILLED,KILLED
30-seconds-of-java_8791499,KILLED,KILLED
30-seconds-of-java_8791499,KILLED,KILLED
30-seconds-of-java_8791499,KILLED,KILLED
30-seconds-of-java_8791499,KILLED,KILLED
30-seconds-of-java_8791499,KILLED,KILLED
30-seconds-of-java_8791499,KILLED,KILLED
30-seconds-of-java_8791499,KILLED,KILLED
mockkid_5ecadf8,KILLED,SURVIVED
mockkid_5ecadf8,KILLED,KILLED
mockkid_5ecadf8,KILLED,SURVIVED
mockkid_5ecadf8,KILLED,SURVIVED
mockkid_5ecadf8,KILLED,SURVIVED
mockkid_5ecadf8,KILLED,SURVIVED
mockkid_5ecadf8,SURVIVED,SURVIVED
mockkid_5ecadf8,KILLED,SURVIVED
mockkid_5ecadf8,KILLED,SURVIVED
mockkid_5ecadf8,KILLED,KILLED
mockkid_5ecadf8,KILLED,SURVIVED
mockkid_5ecadf8,KILLED,KILLED
mockkid_5ecadf8,KILLED,SURVIVED
mockkid_5ecadf8,KILLED,KILLED
mockkid_5ecadf8,KILLED,SURVIVED
mockkid_5ecadf8,KILLED,SURVIVED
mockkid_5ecadf8,KILLED,SURVIVED
mockkid_5ecadf8,KILLED,SURVIVED
mockkid_5ecadf8,KILLED,KILLED
mockkid_5ecadf8,KILLED,SURVIVED
mockkid_5ecadf8,KILLED,SURVIVED
mockkid_5ecadf8,KILLED,KILLED
mockkid_5ecadf8,KILLED,KILLED
mockkid_5ecadf8,KILLED,SURVIVED
mockkid_5ecadf8,KILLED,SURVIVED
mockkid_5ecadf8,KILLED,SURVIVED
mockkid_5ecadf8,KILLED,SURVIVED
mockkid_5ecadf8,KILLED,SURVIVED
mockkid_5ecadf8,KILLED,SURVIVED
mockkid_5ecadf8,KILLED,SURVIVED
mockkid_5ecadf8,KILLED,SURVIVED
mockkid_5ecadf8,KILLED,SURVIVED
mockkid_5ecadf8,KILLED,SURVIVED
mockkid_5ecadf8,KILLED,SURVIVED
mockkid_5ecadf8,SURVIVED,SURVIVED
mockkid_5ecadf8,KILLED,SURVIVED
mockkid_5ecadf8,KILLED,SURVIVED
mockkid_5ecadf8,KILLED,SURVIVED
mockkid_5ecadf8,KILLED,SURVIVED
mockkid_5ecadf8,KILLED,SURVIVED
mockkid_5ecadf8,KILLED,SURVIVED
mockkid_5ecadf8,KILLED,SURVIVED
mockkid_5ecadf8,SURVIVED,SURVIVED
mockkid_5ecadf8,KILLED,KILLED
mockkid_5ecadf8,KILLED,KILLED
mockkid_5ecadf8,KILLED,SURVIVED
mockkid_5ecadf8,KILLED,SURVIVED
mockkid_5ecadf8,KILLED,SURVIVED
mockkid_5ecadf8,KILLED,KILLED
mockkid_5ecadf8,KILLED,SURVIVED
mockkid_5ecadf8,KILLED,SURVIVED
mockkid_5ecadf8,KILLED,SURVIVED
mockkid_5ecadf8,KILLED,SURVIVED
mockkid_5ecadf8,KILLED,KILLED
mockkid_5ecadf8,KILLED,SURVIVED
mockkid_5ecadf8,KILLED,SURVIVED
mockkid_5ecadf8,KILLED,SURVIVED
mockkid_5ecadf8,SURVIVED,SURVIVED
mockkid_5ecadf8,KILLED,SURVIVED
mockkid_5ecadf8,KILLED,SURVIVED
mockkid_5ecadf8,KILLED,SURVIVED
mockkid_5ecadf8,KILLED,SURVIVED
mockkid_5ecadf8,KILLED,KILLED
mockkid_5ecadf8,SURVIVED,SURVIVED
mockkid_5ecadf8,KILLED,SURVIVED
mockkid_5ecadf8,KILLED,SURVIVED
mockkid_5ecadf8,KILLED,SURVIVED
mockkid_5ecadf8,KILLED,SURVIVED
mockkid_5ecadf8,KILLED,SURVIVED
mockkid_5ecadf8,KILLED,SURVIVED
mockkid_5ecadf8,KILLED,SURVIVED
mockkid_5ecadf8,KILLED,SURVIVED
mockkid_5ecadf8,KILLED,SURVIVED
mockkid_5ecadf8,KILLED,SURVIVED
mockkid_5ecadf8,KILLED,SURVIVED
mockkid_5ecadf8,KILLED,SURVIVED
mockkid_5ecadf8,KILLED,SURVIVED
mockkid_5ecadf8,KILLED,KILLED
mockkid_5ecadf8,KILLED,SURVIVED
mockkid_5ecadf8,KILLED,KILLED
mockkid_5ecadf8,KILLED,KILLED
mockkid_5ecadf8,KILLED,KILLED
mockkid_5ecadf8,KILLED,SURVIVED
mockkid_5ecadf8,KILLED,SURVIVED
mockkid_5ecadf8,KILLED,SURVIVED
mockkid_5ecadf8,KILLED,SURVIVED
mockkid_5ecadf8,SURVIVED,SURVIVED
mockkid_5ecadf8,KILLED,KILLED
mockkid_5ecadf8,KILLED,KILLED
mockkid_5ecadf8,KILLED,KILLED
mockkid_5ecadf8,KILLED,KILLED
mockkid_5ecadf8,KILLED,SURVIVED
mockkid_5ecadf8,KILLED,SURVIVED
mockkid_5ecadf8,KILLED,SURVIVED
mockkid_5ecadf8,KILLED,SURVIVED
mockkid_5ecadf8,KILLED,SURVIVED
mockkid_5ecadf8,KILLED,SURVIVED
mockkid_5ecadf8,KILLED,SURVIVED
mockkid_5ecadf8,KILLED,SURVIVED
mockkid_5ecadf8,KILLED,SURVIVED
mockkid_5ecadf8,KILLED,SURVIVED
mockkid_5ecadf8,KILLED,SURVIVED
mockkid_5ecadf8,KILLED,SURVIVED
mockkid_5ecadf8,KILLED,SURVIVED
mockkid_5ecadf8,KILLED,SURVIVED
